[
    {
        "id": 1,
        "outertitle": "outer1",
        "innerResponse": [
            {
                "id": 1,
                "innertitle": "inner1"
            },
            {
                "id": 2,
                "innertitle": "inner2"
            }
        ]
    },
    {
        "id": 2,
        "outertitle": "outer2",
        "innerResponse": [
            {
                "id": 3,
                "innertitle": "inner3"
            },
            {
                "id": 4,
                "innertitle": "inner4"
            }
        ]
    }
]